Nom_FR,Nom_EN,RUBRIQUES_Prestation,Groupe,Groupe_Label_FR,Groupe_Label_EN,Ordre,Mode_Nouveau,Mode_Remontage,Mode_Stockage,Mode_Mobilier,Special
Etude des spécifications,Specifications analysis,Etude & Maîtrise d'œuvre,1,Phase 1,Phase 1,1,Défaut,Défaut,Masqué,Masqué,
Réalisation d'étude (modélisation 3D),3D Modeling & Design,Etude & Maîtrise d'œuvre,1,Phase 1,Phase 1,2,Défaut,Défaut,Masqué,Masqué,
Réalisation des plans techniques (tous corps d'état),Technical drawings (all trades),Etude & Maîtrise d'œuvre,1,Phase 1,Phase 1,3,Défaut,Optionnel,Masqué,Masqué,
Sélection des fournisseurs & coordination de travaux,Sourcing & contractor coordination,Etude & Maîtrise d'œuvre,1,Phase 1,Phase 1,4,Défaut,Optionnel,Masqué,Masqué,
Suivi de production pour la bonne conformité,Production monitoring & compliance,Etude & Maîtrise d'œuvre,1,Phase 1,Phase 1,5,Défaut,Optionnel,Masqué,Masqué,
Remplissage des dossiers administratifs,Administrative filing,Etude & Maîtrise d'œuvre,1,Phase 1,Phase 1,6,Optionnel,Optionnel,Masqué,Masqué,
Autre,Other,Etude & Maîtrise d'œuvre,1,Phase 1,Phase 1,7,Optionnel,Optionnel,Masqué,Masqué,
Suivi du chantier durant le montage et le démontage,On-site supervision (install & dismantle),Etude & Maîtrise d'œuvre,1,Phase 2,Phase 2,1,Défaut,Défaut,Masqué,Masqué,
Autre,Other,Etude & Maîtrise d'œuvre,1,Phase 2,Phase 2,2,Optionnel,Optionnel,Masqué,Masqué,
"Fourniture, pose et dépose d'un revêtement de sol","Flooring supply, install & removal",Revêtement de sol & Habillage mural,0,,,1,Défaut,Défaut,Masqué,Masqué,
Autre,Other,Revêtement de sol & Habillage mural,0,,,2,Optionnel,Optionnel,Masqué,Masqué,
Fabrication & location de cloisons,Wall partition manufacturing & rental,Menuiserie & Agencement,0,,,1,Défaut,Optionnel,Masqué,Masqué,
Fabrication & location de chassis en menuiserie,Wooden frame manufacturing & rental,Menuiserie & Agencement,0,,,2,Optionnel,Optionnel,Masqué,Masqué,
Fabrication & location de meuble sur mesure,Custom furniture manufacturing & rental,Menuiserie & Agencement,0,,,3,Optionnel,Optionnel,Masqué,Défaut,
Aménagement sur mesure d'une réserve,Custom storage room fit-out,Menuiserie & Agencement,0,,,4,Optionnel,Optionnel,Masqué,Masqué,
"Fourniture, pose & dépose d'étagères","Shelving supply, install & removal",Menuiserie & Agencement,0,,,5,Défaut,Défaut,Masqué,Optionnel,
Location d'un bar,Bar counter rental,Menuiserie & Agencement,0,,,6,Optionnel,Optionnel,Masqué,Masqué,
Autre,Other,Menuiserie & Agencement,0,,,7,Optionnel,Optionnel,Masqué,Optionnel,
Fourniture de spots,Spotlight supply,Electricité & Eclairage,0,,,1,Défaut,Défaut,Masqué,Masqué,
Fourniture de suspensions,Pendant light supply,Electricité & Eclairage,0,,,2,Optionnel,Optionnel,Masqué,Masqué,
Fourniture de lampes de table,Table lamp supply,Electricité & Eclairage,0,,,3,Optionnel,Optionnel,Masqué,Masqué,
Fourniture de lampes sur pied,Floor lamp supply,Electricité & Eclairage,0,,,4,Optionnel,Optionnel,Masqué,Masqué,
Fourniture d'alimentation électrique,Power supply,Electricité & Eclairage,0,,,5,Défaut,Défaut,Masqué,Masqué,
Fourniture de multiprise,Power strip supply,Electricité & Eclairage,0,,,6,Optionnel,Optionnel,Masqué,Masqué,
Location d'un compteur électrique,Electric meter rental,Electricité & Eclairage,0,,,7,Optionnel,Optionnel,Masqué,Masqué,
Éclairage enseigne / signalétique,Signage & branding lighting,Electricité & Eclairage,0,,,8,Optionnel,Optionnel,Masqué,Masqué,
"Installation, raccordement & déconnexion par électricien qualifié",Installation & wiring by qualified electrician,Electricité & Eclairage,0,,,9,Défaut,Défaut,Masqué,Masqué,
Dépose et remise en état,Removal & site restoration,Electricité & Eclairage,0,,,10,Optionnel,Optionnel,Masqué,Masqué,
Autre,Other,Electricité & Eclairage,0,,,11,Optionnel,Optionnel,Masqué,Masqué,
"Location, pose et dépose d'écrans","Screen rental, install & removal",Audiovisuel & Digital,0,,,1,Défaut,Défaut,Masqué,Défaut,
"Location, pose et dépose d'un mur d'image","Video wall rental, install & removal",Audiovisuel & Digital,0,,,2,Optionnel,Optionnel,Masqué,Optionnel,
Players et diffusion de contenu,Media players & content broadcast,Audiovisuel & Digital,0,,,3,Optionnel,Optionnel,Masqué,Optionnel,
Sonorisation du stand,Stand sound system,Audiovisuel & Digital,0,,,4,Optionnel,Optionnel,Masqué,Optionnel,
Micros (HF / conférence),Microphones (Wireless / Conference),Audiovisuel & Digital,0,,,5,Optionnel,Optionnel,Masqué,Optionnel,
Éclairage scénographique AV,AV stage lighting,Audiovisuel & Digital,0,,,6,Optionnel,Optionnel,Masqué,Optionnel,
Location matériel audiovisuel,AV equipment rental,Audiovisuel & Digital,0,,,7,Optionnel,Optionnel,Masqué,Optionnel,
"Installation, câblage & démontage","Setup, cabling & dismantling",Audiovisuel & Digital,0,,,8,Défaut,Défaut,Masqué,Défaut,
Paramétrage & Assistance technique,Configuration & technical support,Audiovisuel & Digital,0,,,9,Optionnel,Optionnel,Masqué,Optionnel,
Autre,Other,Audiovisuel & Digital,0,,,10,Optionnel,Optionnel,Masqué,Optionnel,
Comptoir d’accueil,Reception desk,Mobilier & Accessoires,0,,,1,Optionnel,Optionnel,Masqué,Optionnel,
Tables hautes / basses,High / Low tables,Mobilier & Accessoires,0,,,2,Défaut,Optionnel,Masqué,Défaut,
Assises (chaises / tabourets),Seating (chairs / stools),Mobilier & Accessoires,0,,,3,Défaut,Optionnel,Masqué,Défaut,
Mobilier sur-mesure,Bespoke furniture,Mobilier & Accessoires,0,,,4,Optionnel,Optionnel,Masqué,Optionnel,
Location mobilier standard,Standard furniture rental,Mobilier & Accessoires,0,,,5,Optionnel,Optionnel,Masqué,Optionnel,
Décoration / accessoires,Decor & accessories,Mobilier & Accessoires,0,,,6,Optionnel,Optionnel,Masqué,Optionnel,
Plantes et éléments décoratifs,Plants & decorative elements,Mobilier & Accessoires,0,,,7,Défaut,Défaut,Masqué,Défaut,
Autre,Other,Mobilier & Accessoires,0,,,8,Optionnel,Optionnel,Masqué,Optionnel,
Fabrication Logo / enseigne,Logo / Sign manufacturing,Enseigne & Visibilité,0,,,1,Défaut,Optionnel,Masqué,Défaut,
Fabrication Lettres découpées,Cut-out lettering,Enseigne & Visibilité,0,,,2,Optionnel,Optionnel,Masqué,Optionnel,
Fabrication Enseigne lumineuse,Backlit signage,Enseigne & Visibilité,0,,,3,Optionnel,Optionnel,Masqué,Optionnel,
Fabrication Enseigne suspendue,Hanging banners / signs,Enseigne & Visibilité,0,,,4,Optionnel,Optionnel,Masqué,Optionnel,
Fabrication Structure sur mesure,Custom structures,Enseigne & Visibilité,0,,,5,Optionnel,Optionnel,Masqué,Optionnel,
Installation & alimentation,Installation & power connection,Enseigne & Visibilité,0,,,6,Défaut,Défaut,Masqué,Défaut,
Autre,Other,Enseigne & Visibilité,0,,,7,Optionnel,Optionnel,Masqué,Optionnel,
"Impression, livraison et pose de panneaux imprimés","Printed panels (printing, delivery & install)",Signalétique & Visuels,0,,,1,Défaut,Défaut,Masqué,Défaut,
"Impression, livraison et pose d'affiches","Posters (printing, delivery & install)",Signalétique & Visuels,0,,,2,Optionnel,Optionnel,Masqué,Optionnel,
"Impression, livraison et pose de panneaux suspendus","Hanging panels (printing, delivery & install)",Signalétique & Visuels,0,,,3,Optionnel,Optionnel,Masqué,Optionnel,
Totems directionnels,Directional totems,Signalétique & Visuels,0,,,4,Optionnel,Optionnel,Masqué,Optionnel,
Signalétique sol,Floor graphics,Signalétique & Visuels,0,,,5,Optionnel,Optionnel,Masqué,Optionnel,
Habillage cloisons,Wall coverings / graphics,Signalétique & Visuels,0,,,6,Optionnel,Optionnel,Masqué,Optionnel,
Bandeaux de stand,Fascia boards,Signalétique & Visuels,0,,,7,Optionnel,Optionnel,Masqué,Optionnel,
Autre,Other,Signalétique & Visuels,0,,,8,Optionnel,Optionnel,Masqué,Optionnel,
Emballage léger – Chargement,Packing & Loading,Transport & Logistique,0,,,1,Défaut,Défaut,Défaut,Défaut,
Livraison sur le lieu d’exposition,Delivery to exhibition venue,Transport & Logistique,0,,,2,Défaut,Défaut,Défaut,Défaut,
Déchargement,Unloading,Transport & Logistique,0,,,3,Défaut,Défaut,Défaut,Défaut,
Emballage après l’exposition,Post-show packing,Transport & Logistique,0,,,4,Défaut,Défaut,Défaut,Défaut,
Chargement transport pour retour en ateliers,Loading & return to workshop,Transport & Logistique,0,,,5,Défaut,Défaut,Défaut,Défaut,
Autre,Other,Transport & Logistique,0,,,6,Optionnel,Optionnel,Optionnel,Optionnel,
Espace café / machine,Coffee station / machine,Restauration & Hospitalité,0,,,1,Optionnel,Optionnel,Masqué,Masqué,
Traiteur petit-déjeuner,Breakfast catering,Restauration & Hospitalité,0,,,2,Optionnel,Optionnel,Masqué,Masqué,
Traiteur cocktail,Cocktail catering,Restauration & Hospitalité,0,,,3,Optionnel,Optionnel,Masqué,Masqué,
Boissons / consommables,Drinks & consumables,Restauration & Hospitalité,0,,,4,Défaut,Défaut,Masqué,Masqué,
Gestion logistique F&B,F&B logistics management,Restauration & Hospitalité,0,,,5,Défaut,Défaut,Masqué,Masqué,
Autre,Other,Restauration & Hospitalité,0,,,6,Optionnel,Optionnel,Masqué,Masqué,
Retrait du film polyéthylène avant l'ouverture du salon,Protective film removal (pre-opening),Restauration & Hospitalité,0,,,1,Défaut,Défaut,Masqué,Masqué,
Nettoyage de votre stand avant l'ouverture du salon,Pre-show stand cleaning,Restauration & Hospitalité,0,,,2,Défaut,Défaut,Masqué,Masqué,
Autre,Other,Restauration & Hospitalité,0,,,3,Optionnel,Optionnel,Masqué,Masqué,
Permanence technique pendant le salon,On-site technical support during show,Permanence & Assistance technique,0,,,1,Défaut,Défaut,Masqué,Masqué,
Astreinte / urgence,Emergency call-out,Permanence & Assistance technique,0,,,2,Optionnel,Optionnel,Masqué,Masqué,
Renfort technique,Technical reinforcement,Permanence & Assistance technique,0,,,3,Optionnel,Optionnel,Masqué,Masqué,
Autre,Other,Permanence & Assistance technique,0,,,4,Optionnel,Optionnel,Masqué,Masqué,
Frais de stockage,Storage fees,Stockage & Conservation,0,,,1,Défaut,Défaut,Défaut,Défaut,Stockage
Manutention (entrée/sortie de stock),Handling (in/out of stock),Stockage & Conservation,0,,,2,Défaut,Défaut,Défaut,Défaut,
Contrôle & remise en état,Inspection & refurbishment,Stockage & Conservation,0,,,3,Défaut,Défaut,Défaut,Optionnel,
Autre,Other,Stockage & Conservation,0,,,4,Optionnel,Optionnel,Optionnel,Optionnel,
Retrait du film polyéthylène avant l'ouverture du salon,Protective film removal (pre-opening),Nettoyage & Préparation,0,,,1,Défaut,Défaut,Masqué,Masqué,
Nettoyage du stand avant l'ouverture du salon,Pre-show stand cleaning,Nettoyage & Préparation,0,,,2,Défaut,Défaut,Masqué,Masqué,
Autre,Other,Nettoyage & Préparation,0,,,3,Optionnel,Optionnel,Masqué,Masqué,